{
    "ND": 0.013475357672989248,
    "RMSE": 0.01642036876074342,
    "test_loss": 7.759006977081299
}